<?xml version="1.0" encoding="UTF-8"?>
<GenRun Id="synth_1" LaunchPart="xc7a35tcpg236-1" LaunchTime="1480369193">
  <File Type="RDS-PROPCONSTRS" Name="processor_32bit_drc_synth.rpt"/>
  <File Type="PA-TCL" Name="processor_32bit.tcl"/>
  <File Type="RDS-RDS" Name="processor_32bit.vds"/>
  <File Type="RDS-UTIL" Name="processor_32bit_utilization_synth.rpt"/>
  <File Type="RDS-UTIL-PB" Name="processor_32bit_utilization_synth.pb"/>
  <File Type="RDS-DCP" Name="processor_32bit.dcp"/>
  <File Type="VDS-TIMINGSUMMARY" Name="processor_32bit_timing_summary_synth.rpt"/>
  <File Type="VDS-TIMING-PB" Name="processor_32bit_timing_summary_synth.pb"/>
  <FileSet Name="sources" Type="DesignSrcs" RelSrcDir="$PSRCDIR/sources_1">
    <Filter Type="Srcs"/>
    <File Path="$PSRCDIR/sources_1/imports/new/processor_32bit.sv">
      <FileInfo>
        <Attr Name="ImportPath" Val="$PPRDIR/../../processor_32bit single_file/processor_32bit.srcs/sources_1/new/processor_32bit.sv"/>
        <Attr Name="ImportTime" Val="1480321687"/>
        <Attr Name="UsedIn" Val="synthesis"/>
        <Attr Name="UsedIn" Val="implementation"/>
        <Attr Name="UsedIn" Val="simulation"/>
      </FileInfo>
    </File>
    <Config>
      <Option Name="DesignMode" Val="RTL"/>
      <Option Name="TopModule" Val="processor_32bit"/>
    </Config>
  </FileSet>
  <FileSet Name="constrs_in" Type="Constrs" RelSrcDir="$PSRCDIR/constrs_1">
    <Filter Type="Constrs"/>
    <Config>
      <Option Name="ConstrsType" Val="XDC"/>
    </Config>
  </FileSet>
  <Strategy Version="1" Minor="2">
    <StratHandle Name="Vivado Synthesis Defaults" Flow="Vivado Synthesis 2016"/>
    <Step Id="synth_design"/>
  </Strategy>
</GenRun>
