<?xml version="1.0" encoding="UTF-8"?>
<GenRun Id="impl_1" LaunchPart="xc7a35tcpg236-1" LaunchTime="1480369225">
  <File Type="OPT-DCP" Name="processor_32bit_opt.dcp"/>
  <File Type="ROUTE-STATUS-PB" Name="processor_32bit_route_status.pb"/>
  <File Type="PA-TCL" Name="processor_32bit.tcl"/>
  <File Type="RDI-RDI" Name="processor_32bit.vdi"/>
  <File Type="PWROPT-DRC" Name="processor_32bit_drc_pwropted.rpt"/>
  <File Type="OPT-METHODOLOGY-DRC" Name="processor_32bit_methodology_drc_opted.rpt"/>
  <File Type="INIT-TIMING" Name="processor_32bit_timing_summary_init.rpt"/>
  <File Type="OPT-DRC" Name="processor_32bit_drc_opted.rpt"/>
  <File Type="PWROPT-DCP" Name="processor_32bit_pwropt.dcp"/>
  <File Type="OPT-HWDEF" Name="processor_32bit.hwdef"/>
  <File Type="OPT-TIMING" Name="processor_32bit_timing_summary_opted.rpt"/>
  <File Type="PWROPT-TIMING" Name="processor_32bit_timing_summary_pwropted.rpt"/>
  <File Type="PLACE-DCP" Name="processor_32bit_placed.dcp"/>
  <File Type="PLACE-IO" Name="processor_32bit_io_placed.rpt"/>
  <File Type="PLACE-CLK" Name="processor_32bit_clock_utilization_placed.rpt"/>
  <File Type="PLACE-UTIL" Name="processor_32bit_utilization_placed.rpt"/>
  <File Type="PLACE-UTIL-PB" Name="processor_32bit_utilization_placed.pb"/>
  <File Type="PLACE-CTRL" Name="processor_32bit_control_sets_placed.rpt"/>
  <File Type="PLACE-SIMILARITY" Name="processor_32bit_incremental_reuse_placed.rpt"/>
  <File Type="PLACE-PRE-SIMILARITY" Name="processor_32bit_incremental_reuse_pre_placed.rpt"/>
  <File Type="PLACE-TIMING" Name="processor_32bit_timing_summary_placed.rpt"/>
  <File Type="POSTPLACE-PWROPT-DCP" Name="processor_32bit_postplace_pwropt.dcp"/>
  <File Type="POSTPLACE-PWROPT-TIMING" Name="processor_32bit_timing_summary_postplace_pwropted.rpt"/>
  <File Type="PHYSOPT-DCP" Name="processor_32bit_physopt.dcp"/>
  <File Type="PHYSOPT-DRC" Name="processor_32bit_drc_physopted.rpt"/>
  <File Type="PHYSOPT-TIMING" Name="processor_32bit_timing_summary_physopted.rpt"/>
  <File Type="ROUTE-DCP" Name="processor_32bit_routed.dcp"/>
  <File Type="ROUTE-BLACKBOX-DCP" Name="processor_32bit_routed_bb.dcp"/>
  <File Type="ROUTE-DRC" Name="processor_32bit_drc_routed.rpt"/>
  <File Type="ROUTE-DRC-PB" Name="processor_32bit_drc_routed.pb"/>
  <File Type="ROUTE-METHODOLOGY-DRC" Name="processor_32bit_methodology_drc_routed.rpt"/>
  <File Type="BG-BIT" Name="processor_32bit.bit"/>
  <File Type="ROUTE-METHODOLOGY-DRC-PB" Name="processor_32bit_methodology_drc_routed.pb"/>
  <File Type="ROUTE-PWR" Name="processor_32bit_power_routed.rpt"/>
  <File Type="ROUTE-PWR-SUM" Name="processor_32bit_power_summary_routed.pb"/>
  <File Type="ROUTE-PWR-RPX" Name="processor_32bit_power_routed.rpx"/>
  <File Type="ROUTE-STATUS" Name="processor_32bit_route_status.rpt"/>
  <File Type="ROUTE-TIMINGSUMMARY" Name="processor_32bit_timing_summary_routed.rpt"/>
  <File Type="ROUTE-TIMING-PB" Name="processor_32bit_timing_summary_routed.pb"/>
  <File Type="ROUTE-TIMING-RPX" Name="processor_32bit_timing_summary_routed.rpx"/>
  <File Type="ROUTE-SIMILARITY" Name="processor_32bit_incremental_reuse_routed.rpt"/>
  <File Type="ROUTE-CLK" Name="processor_32bit_clock_utilization_routed.rpt"/>
  <File Type="POSTROUTE-PHYSOPT-DCP" Name="processor_32bit_postroute_physopt.dcp"/>
  <File Type="POSTROUTE-PHYSOPT-BLACKBOX-DCP" Name="processor_32bit_postroute_physopt_bb.dcp"/>
  <File Type="POSTROUTE-PHYSOPT-TIMING" Name="processor_32bit_timing_summary_postroute_physopted.rpt"/>
  <File Type="POSTROUTE-PHYSOPT-TIMING-PB" Name="processor_32bit_timing_summary_postroute_physopted.pb"/>
  <File Type="POSTROUTE-PHYSOPT-TIMING-RPX" Name="processor_32bit_timing_summary_postroute_physopted.rpx"/>
  <File Type="BG-BIN" Name="processor_32bit.bin"/>
  <File Type="BITSTR-MSK" Name="processor_32bit.msk"/>
  <File Type="BITSTR-RBT" Name="processor_32bit.rbt"/>
  <File Type="BITSTR-NKY" Name="processor_32bit.nky"/>
  <File Type="BITSTR-BMM" Name="processor_32bit_bd.bmm"/>
  <File Type="BITSTR-MMI" Name="processor_32bit.mmi"/>
  <File Type="BITSTR-SYSDEF" Name="processor_32bit.sysdef"/>
  <File Type="BG-BGN" Name="processor_32bit.bgn"/>
  <File Type="BG-DRC" Name="processor_32bit.drc"/>
  <File Type="WBT-USG" Name="usage_statistics_webtalk.html"/>
  <FileSet Name="sources" Type="DesignSrcs" RelSrcDir="$PSRCDIR/sources_1">
    <Filter Type="Srcs"/>
    <File Path="$PSRCDIR/sources_1/imports/new/processor_32bit.sv">
      <FileInfo>
        <Attr Name="ImportPath" Val="$PPRDIR/../../processor_32bit single_file/processor_32bit.srcs/sources_1/new/processor_32bit.sv"/>
        <Attr Name="ImportTime" Val="1480321687"/>
        <Attr Name="UsedIn" Val="synthesis"/>
        <Attr Name="UsedIn" Val="implementation"/>
        <Attr Name="UsedIn" Val="simulation"/>
      </FileInfo>
    </File>
    <Config>
      <Option Name="DesignMode" Val="RTL"/>
      <Option Name="TopModule" Val="processor_32bit"/>
    </Config>
  </FileSet>
  <FileSet Name="constrs_in" Type="Constrs" RelSrcDir="$PSRCDIR/constrs_1">
    <Filter Type="Constrs"/>
    <Config>
      <Option Name="ConstrsType" Val="XDC"/>
    </Config>
  </FileSet>
  <Strategy Version="1" Minor="2">
    <StratHandle Name="Vivado Implementation Defaults" Flow="Vivado Implementation 2016"/>
    <Step Id="init_design"/>
    <Step Id="opt_design"/>
    <Step Id="power_opt_design"/>
    <Step Id="place_design"/>
    <Step Id="post_place_power_opt_design"/>
    <Step Id="phys_opt_design"/>
    <Step Id="route_design"/>
    <Step Id="post_route_phys_opt_design"/>
    <Step Id="write_bitstream"/>
  </Strategy>
</GenRun>
